dataset,total_shots,seed,comparison,order_id,metric,deterministic_value,evaluated_unique_permutation_mean,difference,evaluated_unique_permutation_count
mrpc,2,1,seeded_base_minus_evaluated_unique_permutation_mean,seeded_base,accuracy,0.73,0.72,0.010000000000000009,2
mrpc,2,1,seeded_base_minus_evaluated_unique_permutation_mean,seeded_base,macro_f1,0.7277951406391774,0.7177134791813691,0.01008166145780831,2
mrpc,2,1,label_grouped_minus_evaluated_unique_permutation_mean,label_grouped,accuracy,0.71,0.72,-0.010000000000000009,2
mrpc,2,1,label_grouped_minus_evaluated_unique_permutation_mean,label_grouped,macro_f1,0.7076318177235609,0.7177134791813691,-0.0100816614578082,2
mrpc,2,1,alternating_minus_evaluated_unique_permutation_mean,alternating,accuracy,0.71,0.72,-0.010000000000000009,2
mrpc,2,1,alternating_minus_evaluated_unique_permutation_mean,alternating,macro_f1,0.7076318177235609,0.7177134791813691,-0.0100816614578082,2
mrpc,2,2,seeded_base_minus_evaluated_unique_permutation_mean,seeded_base,accuracy,0.7,0.7024999999999999,-0.0024999999999999467,2
mrpc,2,2,seeded_base_minus_evaluated_unique_permutation_mean,seeded_base,macro_f1,0.6963255390221683,0.700363475941606,-0.004037936919437657,2
mrpc,2,2,label_grouped_minus_evaluated_unique_permutation_mean,label_grouped,accuracy,0.7,0.7024999999999999,-0.0024999999999999467,2
mrpc,2,2,label_grouped_minus_evaluated_unique_permutation_mean,label_grouped,macro_f1,0.6963255390221683,0.700363475941606,-0.004037936919437657,2
mrpc,2,2,alternating_minus_evaluated_unique_permutation_mean,alternating,accuracy,0.7,0.7024999999999999,-0.0024999999999999467,2
mrpc,2,2,alternating_minus_evaluated_unique_permutation_mean,alternating,macro_f1,0.6963255390221683,0.700363475941606,-0.004037936919437657,2
mrpc,2,3,seeded_base_minus_evaluated_unique_permutation_mean,seeded_base,accuracy,0.725,0.7475,-0.022500000000000075,2
mrpc,2,3,seeded_base_minus_evaluated_unique_permutation_mean,seeded_base,macro_f1,0.7152545882840207,0.7423390735906319,-0.027084485306611228,2
mrpc,2,3,label_grouped_minus_evaluated_unique_permutation_mean,label_grouped,accuracy,0.77,0.7475,0.022499999999999964,2
mrpc,2,3,label_grouped_minus_evaluated_unique_permutation_mean,label_grouped,macro_f1,0.7694235588972431,0.7423390735906319,0.027084485306611228,2
mrpc,2,3,alternating_minus_evaluated_unique_permutation_mean,alternating,accuracy,0.77,0.7475,0.022499999999999964,2
mrpc,2,3,alternating_minus_evaluated_unique_permutation_mean,alternating,macro_f1,0.7694235588972431,0.7423390735906319,0.027084485306611228,2
mrpc,2,4,seeded_base_minus_evaluated_unique_permutation_mean,seeded_base,accuracy,0.735,0.7525,-0.01749999999999996,2
mrpc,2,4,seeded_base_minus_evaluated_unique_permutation_mean,seeded_base,macro_f1,0.7344622861294121,0.7520468481929112,-0.01758456206349912,2
mrpc,2,4,label_grouped_minus_evaluated_unique_permutation_mean,label_grouped,accuracy,0.735,0.7525,-0.01749999999999996,2
mrpc,2,4,label_grouped_minus_evaluated_unique_permutation_mean,label_grouped,macro_f1,0.7344622861294121,0.7520468481929112,-0.01758456206349912,2
mrpc,2,4,alternating_minus_evaluated_unique_permutation_mean,alternating,accuracy,0.735,0.7525,-0.01749999999999996,2
mrpc,2,4,alternating_minus_evaluated_unique_permutation_mean,alternating,macro_f1,0.7344622861294121,0.7520468481929112,-0.01758456206349912,2
mrpc,2,5,seeded_base_minus_evaluated_unique_permutation_mean,seeded_base,accuracy,0.74,0.735,0.0050000000000000044,2
mrpc,2,5,seeded_base_minus_evaluated_unique_permutation_mean,seeded_base,macro_f1,0.7373737373737373,0.7330221113760456,0.004351625997691788,2
mrpc,2,5,label_grouped_minus_evaluated_unique_permutation_mean,label_grouped,accuracy,0.73,0.735,-0.0050000000000000044,2
mrpc,2,5,label_grouped_minus_evaluated_unique_permutation_mean,label_grouped,macro_f1,0.7286704853783539,0.7330221113760456,-0.004351625997691677,2
mrpc,2,5,alternating_minus_evaluated_unique_permutation_mean,alternating,accuracy,0.73,0.735,-0.0050000000000000044,2
mrpc,2,5,alternating_minus_evaluated_unique_permutation_mean,alternating,macro_f1,0.7286704853783539,0.7330221113760456,-0.004351625997691677,2
mrpc,4,1,seeded_base_minus_evaluated_unique_permutation_mean,seeded_base,accuracy,0.745,0.7304166666666666,0.014583333333333393,24
mrpc,4,1,seeded_base_minus_evaluated_unique_permutation_mean,seeded_base,macro_f1,0.742677665935064,0.7295505232444672,0.013127142690596783,24
mrpc,4,1,label_grouped_minus_evaluated_unique_permutation_mean,label_grouped,accuracy,0.695,0.7304166666666666,-0.03541666666666665,24
mrpc,4,1,label_grouped_minus_evaluated_unique_permutation_mean,label_grouped,macro_f1,0.6922223063144883,0.7295505232444672,-0.0373282169299789,24
mrpc,4,1,alternating_minus_evaluated_unique_permutation_mean,alternating,accuracy,0.715,0.7304166666666666,-0.015416666666666634,24
mrpc,4,1,alternating_minus_evaluated_unique_permutation_mean,alternating,macro_f1,0.7146504467973267,0.7295505232444672,-0.014900076447140531,24
mrpc,4,2,seeded_base_minus_evaluated_unique_permutation_mean,seeded_base,accuracy,0.7,0.699375,0.0006249999999999867,24
mrpc,4,2,seeded_base_minus_evaluated_unique_permutation_mean,seeded_base,macro_f1,0.6992481203007519,0.698760410727188,0.0004877095735639214,24
mrpc,4,2,label_grouped_minus_evaluated_unique_permutation_mean,label_grouped,accuracy,0.72,0.699375,0.020625000000000004,24
mrpc,4,2,label_grouped_minus_evaluated_unique_permutation_mean,label_grouped,macro_f1,0.7197477729956961,0.698760410727188,0.02098736226850817,24
mrpc,4,2,alternating_minus_evaluated_unique_permutation_mean,alternating,accuracy,0.71,0.699375,0.010624999999999996,24
mrpc,4,2,alternating_minus_evaluated_unique_permutation_mean,alternating,macro_f1,0.7095352564102564,0.698760410727188,0.010774845683068413,24
mrpc,4,3,seeded_base_minus_evaluated_unique_permutation_mean,seeded_base,accuracy,0.72,0.7589583333333333,-0.03895833333333332,24
mrpc,4,3,seeded_base_minus_evaluated_unique_permutation_mean,seeded_base,macro_f1,0.7116671815466997,0.7561224742978475,-0.04445529275114779,24
mrpc,4,3,label_grouped_minus_evaluated_unique_permutation_mean,label_grouped,accuracy,0.75,0.7589583333333333,-0.00895833333333329,24
mrpc,4,3,label_grouped_minus_evaluated_unique_permutation_mean,label_grouped,macro_f1,0.7474747474747475,0.7561224742978475,-0.0086477268231,24
mrpc,4,3,alternating_minus_evaluated_unique_permutation_mean,alternating,accuracy,0.765,0.7589583333333333,0.006041666666666723,24
mrpc,4,3,alternating_minus_evaluated_unique_permutation_mean,alternating,macro_f1,0.7628598097832942,0.7561224742978475,0.006737335485446638,24
mrpc,4,4,seeded_base_minus_evaluated_unique_permutation_mean,seeded_base,accuracy,0.745,0.7508333333333334,-0.005833333333333357,24
mrpc,4,4,seeded_base_minus_evaluated_unique_permutation_mean,seeded_base,macro_f1,0.7446872418712923,0.7503894409731479,-0.005702199101855543,24
mrpc,4,4,label_grouped_minus_evaluated_unique_permutation_mean,label_grouped,accuracy,0.74,0.7508333333333334,-0.010833333333333361,24
mrpc,4,4,label_grouped_minus_evaluated_unique_permutation_mean,label_grouped,macro_f1,0.7393483709273183,0.7503894409731479,-0.011041070045829549,24
mrpc,4,4,alternating_minus_evaluated_unique_permutation_mean,alternating,accuracy,0.73,0.7508333333333334,-0.02083333333333337,24
mrpc,4,4,alternating_minus_evaluated_unique_permutation_mean,alternating,macro_f1,0.7297567811029926,0.7503894409731479,-0.02063265987015528,24
mrpc,4,5,seeded_base_minus_evaluated_unique_permutation_mean,seeded_base,accuracy,0.72,0.7379166666666667,-0.017916666666666692,24
mrpc,4,5,seeded_base_minus_evaluated_unique_permutation_mean,seeded_base,macro_f1,0.7144022847817217,0.7346262722504503,-0.020223987468728555,24
mrpc,4,5,label_grouped_minus_evaluated_unique_permutation_mean,label_grouped,accuracy,0.74,0.7379166666666667,0.002083333333333326,24
mrpc,4,5,label_grouped_minus_evaluated_unique_permutation_mean,label_grouped,macro_f1,0.7387197266606371,0.7346262722504503,0.004093454410186825,24
mrpc,4,5,alternating_minus_evaluated_unique_permutation_mean,alternating,accuracy,0.76,0.7379166666666667,0.022083333333333344,24
mrpc,4,5,alternating_minus_evaluated_unique_permutation_mean,alternating,macro_f1,0.7584541062801933,0.7346262722504503,0.023827834029742978,24
mrpc,8,1,seeded_base_minus_evaluated_unique_permutation_mean,seeded_base,accuracy,0.75,0.7402631578947368,0.009736842105263155,38
mrpc,8,1,seeded_base_minus_evaluated_unique_permutation_mean,seeded_base,macro_f1,0.7495993589743589,0.7374399075563487,0.012159451418010225,38
mrpc,8,1,label_grouped_minus_evaluated_unique_permutation_mean,label_grouped,accuracy,0.73,0.7402631578947368,-0.010263157894736863,38
mrpc,8,1,label_grouped_minus_evaluated_unique_permutation_mean,label_grouped,macro_f1,0.7209590739975196,0.7374399075563487,-0.016480833558829122,38
mrpc,8,1,alternating_minus_evaluated_unique_permutation_mean,alternating,accuracy,0.755,0.7402631578947368,0.01473684210526316,38
mrpc,8,1,alternating_minus_evaluated_unique_permutation_mean,alternating,macro_f1,0.7536140791954746,0.7374399075563487,0.016174171639125934,38
mrpc,8,2,seeded_base_minus_evaluated_unique_permutation_mean,seeded_base,accuracy,0.735,0.7243421052631579,0.010657894736842088,38
mrpc,8,2,seeded_base_minus_evaluated_unique_permutation_mean,seeded_base,macro_f1,0.7344622861294121,0.7237321118419806,0.010730174287431504,38
mrpc,8,2,label_grouped_minus_evaluated_unique_permutation_mean,label_grouped,accuracy,0.71,0.7243421052631579,-0.014342105263157934,38
mrpc,8,2,label_grouped_minus_evaluated_unique_permutation_mean,label_grouped,macro_f1,0.7099709970997101,0.7237321118419806,-0.013761114742270486,38
mrpc,8,2,alternating_minus_evaluated_unique_permutation_mean,alternating,accuracy,0.725,0.7243421052631579,0.0006578947368420796,38
mrpc,8,2,alternating_minus_evaluated_unique_permutation_mean,alternating,macro_f1,0.7249381110749918,0.7237321118419806,0.0012059992330112346,38
mrpc,8,3,seeded_base_minus_evaluated_unique_permutation_mean,seeded_base,accuracy,0.745,0.7467105263157895,-0.0017105263157894957,38
mrpc,8,3,seeded_base_minus_evaluated_unique_permutation_mean,seeded_base,macro_f1,0.7435575109993715,0.7446582331596443,-0.0011007221602727935,38
mrpc,8,3,label_grouped_minus_evaluated_unique_permutation_mean,label_grouped,accuracy,0.745,0.7467105263157895,-0.0017105263157894957,38
mrpc,8,3,label_grouped_minus_evaluated_unique_permutation_mean,label_grouped,macro_f1,0.7448405253283301,0.7446582331596443,0.00018229216868581588,38
mrpc,8,3,alternating_minus_evaluated_unique_permutation_mean,alternating,accuracy,0.74,0.7467105263157895,-0.0067105263157895,38
mrpc,8,3,alternating_minus_evaluated_unique_permutation_mean,alternating,macro_f1,0.7348021215830274,0.7446582331596443,-0.009856111576616922,38
mrpc,8,4,seeded_base_minus_evaluated_unique_permutation_mean,seeded_base,accuracy,0.76,0.761578947368421,-0.0015789473684210131,38
mrpc,8,4,seeded_base_minus_evaluated_unique_permutation_mean,seeded_base,macro_f1,0.7593984962406015,0.761055466380557,-0.0016569701399554715,38
mrpc,8,4,label_grouped_minus_evaluated_unique_permutation_mean,label_grouped,accuracy,0.74,0.761578947368421,-0.02157894736842103,38
mrpc,8,4,label_grouped_minus_evaluated_unique_permutation_mean,label_grouped,macro_f1,0.7368154671525458,0.761055466380557,-0.024239999228011233,38
mrpc,8,4,alternating_minus_evaluated_unique_permutation_mean,alternating,accuracy,0.755,0.761578947368421,-0.006578947368421018,38
mrpc,8,4,alternating_minus_evaluated_unique_permutation_mean,alternating,macro_f1,0.7545028683083244,0.761055466380557,-0.006552598072232629,38
mrpc,8,5,seeded_base_minus_evaluated_unique_permutation_mean,seeded_base,accuracy,0.73,0.7259210526315789,0.004078947368421071,38
mrpc,8,5,seeded_base_minus_evaluated_unique_permutation_mean,seeded_base,macro_f1,0.7282608695652173,0.7236244039976311,0.004636465567586234,38
mrpc,8,5,label_grouped_minus_evaluated_unique_permutation_mean,label_grouped,accuracy,0.745,0.7259210526315789,0.019078947368421084,38
mrpc,8,5,label_grouped_minus_evaluated_unique_permutation_mean,label_grouped,macro_f1,0.7409523809523808,0.7236244039976311,0.017327976954749746,38
mrpc,8,5,alternating_minus_evaluated_unique_permutation_mean,alternating,accuracy,0.745,0.7259210526315789,0.019078947368421084,38
mrpc,8,5,alternating_minus_evaluated_unique_permutation_mean,alternating,macro_f1,0.7431442169675908,0.7236244039976311,0.01951981296995975,38
rte,2,1,seeded_base_minus_evaluated_unique_permutation_mean,seeded_base,accuracy,0.86,0.8625,-0.0025000000000000577,2
rte,2,1,seeded_base_minus_evaluated_unique_permutation_mean,seeded_base,macro_f1,0.8599859985998599,0.8624778083819734,-0.0024918097821134966,2
rte,2,1,label_grouped_minus_evaluated_unique_permutation_mean,label_grouped,accuracy,0.865,0.8625,0.0024999999999999467,2
rte,2,1,label_grouped_minus_evaluated_unique_permutation_mean,label_grouped,macro_f1,0.8649696181640869,0.8624778083819734,0.0024918097821134966,2
rte,2,1,alternating_minus_evaluated_unique_permutation_mean,alternating,accuracy,0.865,0.8625,0.0024999999999999467,2
rte,2,1,alternating_minus_evaluated_unique_permutation_mean,alternating,macro_f1,0.8649696181640869,0.8624778083819734,0.0024918097821134966,2
rte,2,2,seeded_base_minus_evaluated_unique_permutation_mean,seeded_base,accuracy,0.83,0.8274999999999999,0.0025000000000000577,2
rte,2,2,seeded_base_minus_evaluated_unique_permutation_mean,seeded_base,macro_f1,0.8297275641025641,0.827256463085549,0.002471101017015087,2
rte,2,2,label_grouped_minus_evaluated_unique_permutation_mean,label_grouped,accuracy,0.83,0.8274999999999999,0.0025000000000000577,2
rte,2,2,label_grouped_minus_evaluated_unique_permutation_mean,label_grouped,macro_f1,0.8297275641025641,0.827256463085549,0.002471101017015087,2
rte,2,2,alternating_minus_evaluated_unique_permutation_mean,alternating,accuracy,0.83,0.8274999999999999,0.0025000000000000577,2
rte,2,2,alternating_minus_evaluated_unique_permutation_mean,alternating,macro_f1,0.8297275641025641,0.827256463085549,0.002471101017015087,2
rte,2,3,seeded_base_minus_evaluated_unique_permutation_mean,seeded_base,accuracy,0.86,0.8625,-0.0025000000000000577,2
rte,2,3,seeded_base_minus_evaluated_unique_permutation_mean,seeded_base,macro_f1,0.8598738864978481,0.8621505457193617,-0.002276659221513544,2
rte,2,3,label_grouped_minus_evaluated_unique_permutation_mean,label_grouped,accuracy,0.86,0.8625,-0.0025000000000000577,2
rte,2,3,label_grouped_minus_evaluated_unique_permutation_mean,label_grouped,macro_f1,0.8598738864978481,0.8621505457193617,-0.002276659221513544,2
rte,2,3,alternating_minus_evaluated_unique_permutation_mean,alternating,accuracy,0.86,0.8625,-0.0025000000000000577,2
rte,2,3,alternating_minus_evaluated_unique_permutation_mean,alternating,macro_f1,0.8598738864978481,0.8621505457193617,-0.002276659221513544,2
rte,2,4,seeded_base_minus_evaluated_unique_permutation_mean,seeded_base,accuracy,0.865,0.8674999999999999,-0.0024999999999999467,2
rte,2,4,seeded_base_minus_evaluated_unique_permutation_mean,seeded_base,macro_f1,0.8648344221671547,0.8673586583861497,-0.002524236218995002,2
rte,2,4,label_grouped_minus_evaluated_unique_permutation_mean,label_grouped,accuracy,0.865,0.8674999999999999,-0.0024999999999999467,2
rte,2,4,label_grouped_minus_evaluated_unique_permutation_mean,label_grouped,macro_f1,0.8648344221671547,0.8673586583861497,-0.002524236218995002,2
rte,2,4,alternating_minus_evaluated_unique_permutation_mean,alternating,accuracy,0.865,0.8674999999999999,-0.0024999999999999467,2
rte,2,4,alternating_minus_evaluated_unique_permutation_mean,alternating,macro_f1,0.8648344221671547,0.8673586583861497,-0.002524236218995002,2
rte,2,5,seeded_base_minus_evaluated_unique_permutation_mean,seeded_base,accuracy,0.84,0.835,0.0050000000000000044,2
rte,2,5,seeded_base_minus_evaluated_unique_permutation_mean,seeded_base,macro_f1,0.839421918908069,0.834497926872581,0.004923992035488101,2
rte,2,5,label_grouped_minus_evaluated_unique_permutation_mean,label_grouped,accuracy,0.84,0.835,0.0050000000000000044,2
rte,2,5,label_grouped_minus_evaluated_unique_permutation_mean,label_grouped,macro_f1,0.839421918908069,0.834497926872581,0.004923992035488101,2
rte,2,5,alternating_minus_evaluated_unique_permutation_mean,alternating,accuracy,0.84,0.835,0.0050000000000000044,2
rte,2,5,alternating_minus_evaluated_unique_permutation_mean,alternating,macro_f1,0.839421918908069,0.834497926872581,0.004923992035488101,2
rte,4,1,seeded_base_minus_evaluated_unique_permutation_mean,seeded_base,accuracy,0.855,0.85375,0.0012499999999999734,24
rte,4,1,seeded_base_minus_evaluated_unique_permutation_mean,seeded_base,macro_f1,0.8549963749093727,0.8536808203973795,0.0013155545119932777,24
rte,4,1,label_grouped_minus_evaluated_unique_permutation_mean,label_grouped,accuracy,0.865,0.85375,0.011249999999999982,24
rte,4,1,label_grouped_minus_evaluated_unique_permutation_mean,label_grouped,macro_f1,0.8649696181640869,0.8536808203973795,0.011288797766707437,24
rte,4,1,alternating_minus_evaluated_unique_permutation_mean,alternating,accuracy,0.855,0.85375,0.0012499999999999734,24
rte,4,1,alternating_minus_evaluated_unique_permutation_mean,alternating,macro_f1,0.8548221571424995,0.8536808203973795,0.0011413367451200696,24
rte,4,2,seeded_base_minus_evaluated_unique_permutation_mean,seeded_base,accuracy,0.83,0.830625,-0.0006249999999999867,24
rte,4,2,seeded_base_minus_evaluated_unique_permutation_mean,seeded_base,macro_f1,0.8295739348370927,0.8301624050257845,-0.000588470188691792,24
rte,4,2,label_grouped_minus_evaluated_unique_permutation_mean,label_grouped,accuracy,0.835,0.830625,0.004375000000000018,24
rte,4,2,label_grouped_minus_evaluated_unique_permutation_mean,label_grouped,macro_f1,0.8346651970239736,0.8301624050257845,0.004502791998189037,24
rte,4,2,alternating_minus_evaluated_unique_permutation_mean,alternating,accuracy,0.83,0.830625,-0.0006249999999999867,24
rte,4,2,alternating_minus_evaluated_unique_permutation_mean,alternating,macro_f1,0.8293857888398235,0.8301624050257845,-0.0007766161859610321,24
rte,4,3,seeded_base_minus_evaluated_unique_permutation_mean,seeded_base,accuracy,0.835,0.8352083333333333,-0.0002083333333333659,24
rte,4,3,seeded_base_minus_evaluated_unique_permutation_mean,seeded_base,macro_f1,0.8337991992143234,0.8333885871481108,0.00041061206621262336,24
rte,4,3,label_grouped_minus_evaluated_unique_permutation_mean,label_grouped,accuracy,0.825,0.8352083333333333,-0.010208333333333375,24
rte,4,3,label_grouped_minus_evaluated_unique_permutation_mean,label_grouped,macro_f1,0.822654607179955,0.8333885871481108,-0.010733979968155838,24
rte,4,3,alternating_minus_evaluated_unique_permutation_mean,alternating,accuracy,0.82,0.8352083333333333,-0.01520833333333338,24
rte,4,3,alternating_minus_evaluated_unique_permutation_mean,alternating,macro_f1,0.8173701298701298,0.8333885871481108,-0.016018457277981013,24
rte,4,4,seeded_base_minus_evaluated_unique_permutation_mean,seeded_base,accuracy,0.875,0.8820833333333333,-0.00708333333333333,24
rte,4,4,seeded_base_minus_evaluated_unique_permutation_mean,seeded_base,macro_f1,0.8749218261413383,0.8820220140881214,-0.007100187946783132,24
rte,4,4,label_grouped_minus_evaluated_unique_permutation_mean,label_grouped,accuracy,0.86,0.8820833333333333,-0.022083333333333344,24
rte,4,4,label_grouped_minus_evaluated_unique_permutation_mean,label_grouped,macro_f1,0.8599439775910365,0.8820220140881214,-0.022078036497084952,24
rte,4,4,alternating_minus_evaluated_unique_permutation_mean,alternating,accuracy,0.87,0.8820833333333333,-0.012083333333333335,24
rte,4,4,alternating_minus_evaluated_unique_permutation_mean,alternating,macro_f1,0.8698828946051447,0.8820220140881214,-0.012139119482976746,24
rte,4,5,seeded_base_minus_evaluated_unique_permutation_mean,seeded_base,accuracy,0.83,0.8389583333333333,-0.00895833333333329,24
rte,4,5,seeded_base_minus_evaluated_unique_permutation_mean,seeded_base,macro_f1,0.8291628982011858,0.8384126037261641,-0.00924970552497828,24
rte,4,5,label_grouped_minus_evaluated_unique_permutation_mean,label_grouped,accuracy,0.835,0.8389583333333333,-0.003958333333333286,24
rte,4,5,label_grouped_minus_evaluated_unique_permutation_mean,label_grouped,macro_f1,0.8344993605657113,0.8384126037261641,-0.003913243160452828,24
rte,4,5,alternating_minus_evaluated_unique_permutation_mean,alternating,accuracy,0.83,0.8389583333333333,-0.00895833333333329,24
rte,4,5,alternating_minus_evaluated_unique_permutation_mean,alternating,macro_f1,0.8291628982011858,0.8384126037261641,-0.00924970552497828,24
rte,8,1,seeded_base_minus_evaluated_unique_permutation_mean,seeded_base,accuracy,0.855,0.8498684210526316,0.005131578947368376,38
rte,8,1,seeded_base_minus_evaluated_unique_permutation_mean,seeded_base,macro_f1,0.8543847756772363,0.848964048330584,0.005420727346652221,38
rte,8,1,label_grouped_minus_evaluated_unique_permutation_mean,label_grouped,accuracy,0.86,0.8498684210526316,0.01013157894736838,38
rte,8,1,label_grouped_minus_evaluated_unique_permutation_mean,label_grouped,macro_f1,0.8596491228070176,0.848964048330584,0.01068507447643352,38
rte,8,1,alternating_minus_evaluated_unique_permutation_mean,alternating,accuracy,0.845,0.8498684210526316,-0.004868421052631633,38
rte,8,1,alternating_minus_evaluated_unique_permutation_mean,alternating,macro_f1,0.8441231929604023,0.848964048330584,-0.004840855370181751,38
rte,8,2,seeded_base_minus_evaluated_unique_permutation_mean,seeded_base,accuracy,0.835,0.8294736842105263,0.0055263157894737125,38
rte,8,2,seeded_base_minus_evaluated_unique_permutation_mean,seeded_base,macro_f1,0.8342999171499585,0.8285062389261099,0.005793678223848686,38
rte,8,2,label_grouped_minus_evaluated_unique_permutation_mean,label_grouped,accuracy,0.835,0.8294736842105263,0.0055263157894737125,38
rte,8,2,label_grouped_minus_evaluated_unique_permutation_mean,label_grouped,macro_f1,0.8346651970239736,0.8285062389261099,0.006158958097863709,38
rte,8,2,alternating_minus_evaluated_unique_permutation_mean,alternating,accuracy,0.85,0.8294736842105263,0.020526315789473726,38
rte,8,2,alternating_minus_evaluated_unique_permutation_mean,alternating,macro_f1,0.8494580489763147,0.8285062389261099,0.020951810050204855,38
rte,8,3,seeded_base_minus_evaluated_unique_permutation_mean,seeded_base,accuracy,0.875,0.8559210526315789,0.019078947368421084,38
rte,8,3,seeded_base_minus_evaluated_unique_permutation_mean,seeded_base,macro_f1,0.8742928975487115,0.855063010067558,0.019229887481153507,38
rte,8,3,label_grouped_minus_evaluated_unique_permutation_mean,label_grouped,accuracy,0.845,0.8559210526315789,-0.010921052631578942,38
rte,8,3,label_grouped_minus_evaluated_unique_permutation_mean,label_grouped,macro_f1,0.843871975019516,0.855063010067558,-0.011191035048041975,38
rte,8,3,alternating_minus_evaluated_unique_permutation_mean,alternating,accuracy,0.845,0.8559210526315789,-0.010921052631578942,38
rte,8,3,alternating_minus_evaluated_unique_permutation_mean,alternating,macro_f1,0.843871975019516,0.855063010067558,-0.011191035048041975,38
rte,8,4,seeded_base_minus_evaluated_unique_permutation_mean,seeded_base,accuracy,0.865,0.8748684210526316,-0.009868421052631637,38
rte,8,4,seeded_base_minus_evaluated_unique_permutation_mean,seeded_base,macro_f1,0.8648344221671547,0.8746590973452065,-0.009824675178051856,38
rte,8,4,label_grouped_minus_evaluated_unique_permutation_mean,label_grouped,accuracy,0.88,0.8748684210526316,0.005131578947368376,38
rte,8,4,label_grouped_minus_evaluated_unique_permutation_mean,label_grouped,macro_f1,0.8798919027124412,0.8746590973452065,0.005232805367234694,38
rte,8,4,alternating_minus_evaluated_unique_permutation_mean,alternating,accuracy,0.875,0.8748684210526316,0.0001315789473683715,38
rte,8,4,alternating_minus_evaluated_unique_permutation_mean,alternating,macro_f1,0.8748466871918099,0.8746590973452065,0.0001875898466033865,38
rte,8,5,seeded_base_minus_evaluated_unique_permutation_mean,seeded_base,accuracy,0.84,0.8451315789473683,-0.005131578947368376,38
rte,8,5,seeded_base_minus_evaluated_unique_permutation_mean,seeded_base,macro_f1,0.8392121394834691,0.8443032933395949,-0.005091153856125796,38
rte,8,5,label_grouped_minus_evaluated_unique_permutation_mean,label_grouped,accuracy,0.845,0.8451315789473683,-0.0001315789473683715,38
rte,8,5,label_grouped_minus_evaluated_unique_permutation_mean,label_grouped,macro_f1,0.8445297023496076,0.8443032933395949,0.00022640901001269587,38
rte,8,5,alternating_minus_evaluated_unique_permutation_mean,alternating,accuracy,0.835,0.8451315789473683,-0.01013157894736838,38
rte,8,5,alternating_minus_evaluated_unique_permutation_mean,alternating,macro_f1,0.8337991992143234,0.8443032933395949,-0.010504094125271424,38
sst2,2,1,seeded_base_minus_evaluated_unique_permutation_mean,seeded_base,accuracy,0.945,0.95,-0.0050000000000000044,2
sst2,2,1,seeded_base_minus_evaluated_unique_permutation_mean,seeded_base,macro_f1,0.9449876222149983,0.9499932485934364,-0.005005626378438044,2
sst2,2,1,label_grouped_minus_evaluated_unique_permutation_mean,label_grouped,accuracy,0.955,0.95,0.0050000000000000044,2
sst2,2,1,label_grouped_minus_evaluated_unique_permutation_mean,label_grouped,macro_f1,0.9549988749718743,0.9499932485934364,0.005005626378437933,2
sst2,2,1,alternating_minus_evaluated_unique_permutation_mean,alternating,accuracy,0.955,0.95,0.0050000000000000044,2
sst2,2,1,alternating_minus_evaluated_unique_permutation_mean,alternating,macro_f1,0.9549988749718743,0.9499932485934364,0.005005626378437933,2
sst2,2,2,seeded_base_minus_evaluated_unique_permutation_mean,seeded_base,accuracy,0.92,0.9275,-0.007499999999999951,2
sst2,2,2,seeded_base_minus_evaluated_unique_permutation_mean,seeded_base,macro_f1,0.919967987194878,0.927483181077126,-0.0075151938822479725,2
sst2,2,2,label_grouped_minus_evaluated_unique_permutation_mean,label_grouped,accuracy,0.92,0.9275,-0.007499999999999951,2
sst2,2,2,label_grouped_minus_evaluated_unique_permutation_mean,label_grouped,macro_f1,0.919967987194878,0.927483181077126,-0.0075151938822479725,2
sst2,2,2,alternating_minus_evaluated_unique_permutation_mean,alternating,accuracy,0.92,0.9275,-0.007499999999999951,2
sst2,2,2,alternating_minus_evaluated_unique_permutation_mean,alternating,macro_f1,0.919967987194878,0.927483181077126,-0.0075151938822479725,2
sst2,2,3,seeded_base_minus_evaluated_unique_permutation_mean,seeded_base,accuracy,0.92,0.92,0.0,2
sst2,2,3,seeded_base_minus_evaluated_unique_permutation_mean,seeded_base,macro_f1,0.9199919991999201,0.91999599959996,-4.000400039894103e-06,2
sst2,2,3,label_grouped_minus_evaluated_unique_permutation_mean,label_grouped,accuracy,0.92,0.92,0.0,2
sst2,2,3,label_grouped_minus_evaluated_unique_permutation_mean,label_grouped,macro_f1,0.92,0.91999599959996,4.000400040005125e-06,2
sst2,2,3,alternating_minus_evaluated_unique_permutation_mean,alternating,accuracy,0.92,0.92,0.0,2
sst2,2,3,alternating_minus_evaluated_unique_permutation_mean,alternating,macro_f1,0.92,0.91999599959996,4.000400040005125e-06,2
sst2,2,4,seeded_base_minus_evaluated_unique_permutation_mean,seeded_base,accuracy,0.95,0.9475,0.0024999999999999467,2
sst2,2,4,seeded_base_minus_evaluated_unique_permutation_mean,seeded_base,macro_f1,0.9499949994999499,0.9474803015010694,0.0025146979988804885,2
sst2,2,4,label_grouped_minus_evaluated_unique_permutation_mean,label_grouped,accuracy,0.95,0.9475,0.0024999999999999467,2
sst2,2,4,label_grouped_minus_evaluated_unique_permutation_mean,label_grouped,macro_f1,0.9499949994999499,0.9474803015010694,0.0025146979988804885,2
sst2,2,4,alternating_minus_evaluated_unique_permutation_mean,alternating,accuracy,0.95,0.9475,0.0024999999999999467,2
sst2,2,4,alternating_minus_evaluated_unique_permutation_mean,alternating,macro_f1,0.9499949994999499,0.9474803015010694,0.0025146979988804885,2
sst2,2,5,seeded_base_minus_evaluated_unique_permutation_mean,seeded_base,accuracy,0.94,0.935,0.004999999999999893,2
sst2,2,5,seeded_base_minus_evaluated_unique_permutation_mean,seeded_base,macro_f1,0.939783219590526,0.9347192653072718,0.005063954283254235,2
sst2,2,5,label_grouped_minus_evaluated_unique_permutation_mean,label_grouped,accuracy,0.94,0.935,0.004999999999999893,2
sst2,2,5,label_grouped_minus_evaluated_unique_permutation_mean,label_grouped,macro_f1,0.939783219590526,0.9347192653072718,0.005063954283254235,2
sst2,2,5,alternating_minus_evaluated_unique_permutation_mean,alternating,accuracy,0.94,0.935,0.004999999999999893,2
sst2,2,5,alternating_minus_evaluated_unique_permutation_mean,alternating,macro_f1,0.939783219590526,0.9347192653072718,0.005063954283254235,2
sst2,4,1,seeded_base_minus_evaluated_unique_permutation_mean,seeded_base,accuracy,0.96,0.9372916666666666,0.02270833333333333,24
sst2,4,1,seeded_base_minus_evaluated_unique_permutation_mean,seeded_base,macro_f1,0.9599959995999598,0.9372645484557723,0.02273145114418751,24
sst2,4,1,label_grouped_minus_evaluated_unique_permutation_mean,label_grouped,accuracy,0.94,0.9372916666666666,0.0027083333333333126,24
sst2,4,1,label_grouped_minus_evaluated_unique_permutation_mean,label_grouped,macro_f1,0.93999399939994,0.9372645484557723,0.002729450944167655,24
sst2,4,1,alternating_minus_evaluated_unique_permutation_mean,alternating,accuracy,0.95,0.9372916666666666,0.012708333333333321,24
sst2,4,1,alternating_minus_evaluated_unique_permutation_mean,alternating,macro_f1,0.9499949994999499,0.9372645484557723,0.012730451044177582,24
sst2,4,2,seeded_base_minus_evaluated_unique_permutation_mean,seeded_base,accuracy,0.93,0.9260416666666668,0.003958333333333286,24
sst2,4,2,seeded_base_minus_evaluated_unique_permutation_mean,seeded_base,macro_f1,0.9299929992999301,0.92601093150435,0.00398206779558008,24
sst2,4,2,label_grouped_minus_evaluated_unique_permutation_mean,label_grouped,accuracy,0.92,0.9260416666666668,-0.006041666666666723,24
sst2,4,2,label_grouped_minus_evaluated_unique_permutation_mean,label_grouped,macro_f1,0.9199279351416275,0.92601093150435,-0.00608299636272247,24
sst2,4,2,alternating_minus_evaluated_unique_permutation_mean,alternating,accuracy,0.915,0.9260416666666668,-0.011041666666666727,24
sst2,4,2,alternating_minus_evaluated_unique_permutation_mean,alternating,macro_f1,0.9149978749468737,0.92601093150435,-0.011013056557476308,24
sst2,4,3,seeded_base_minus_evaluated_unique_permutation_mean,seeded_base,accuracy,0.95,0.9435416666666666,0.006458333333333344,24
sst2,4,3,seeded_base_minus_evaluated_unique_permutation_mean,seeded_base,macro_f1,0.9499949994999499,0.9435201498753842,0.006474849624565682,24
sst2,4,3,label_grouped_minus_evaluated_unique_permutation_mean,label_grouped,accuracy,0.925,0.9435416666666666,-0.018541666666666567,24
sst2,4,3,label_grouped_minus_evaluated_unique_permutation_mean,label_grouped,macro_f1,0.9249981249531238,0.9435201498753842,-0.018522024922260405,24
sst2,4,3,alternating_minus_evaluated_unique_permutation_mean,alternating,accuracy,0.935,0.9435416666666666,-0.008541666666666559,24
sst2,4,3,alternating_minus_evaluated_unique_permutation_mean,alternating,macro_f1,0.9349853717086344,0.9435201498753842,-0.008534778166749857,24
sst2,4,4,seeded_base_minus_evaluated_unique_permutation_mean,seeded_base,accuracy,0.935,0.93875,-0.00374999999999992,24
sst2,4,4,seeded_base_minus_evaluated_unique_permutation_mean,seeded_base,macro_f1,0.9349202773397411,0.9386995171634989,-0.0037792398237577185,24
sst2,4,4,label_grouped_minus_evaluated_unique_permutation_mean,label_grouped,accuracy,0.945,0.93875,0.006249999999999978,24
sst2,4,4,label_grouped_minus_evaluated_unique_permutation_mean,label_grouped,macro_f1,0.9449876222149983,0.9386995171634989,0.00628810505149946,24
sst2,4,4,alternating_minus_evaluated_unique_permutation_mean,alternating,accuracy,0.935,0.93875,-0.00374999999999992,24
sst2,4,4,alternating_minus_evaluated_unique_permutation_mean,alternating,macro_f1,0.934959349593496,0.9386995171634989,-0.003740167570002839,24
sst2,4,5,seeded_base_minus_evaluated_unique_permutation_mean,seeded_base,accuracy,0.955,0.9558333333333333,-0.0008333333333333526,24
sst2,4,5,seeded_base_minus_evaluated_unique_permutation_mean,seeded_base,macro_f1,0.9549086900974473,0.9557520821720205,-0.0008433920745731793,24
sst2,4,5,label_grouped_minus_evaluated_unique_permutation_mean,label_grouped,accuracy,0.955,0.9558333333333333,-0.0008333333333333526,24
sst2,4,5,label_grouped_minus_evaluated_unique_permutation_mean,label_grouped,macro_f1,0.9549448073890516,0.9557520821720205,-0.0008072747829688254,24
sst2,4,5,alternating_minus_evaluated_unique_permutation_mean,alternating,accuracy,0.955,0.9558333333333333,-0.0008333333333333526,24
sst2,4,5,alternating_minus_evaluated_unique_permutation_mean,alternating,macro_f1,0.9549086900974473,0.9557520821720205,-0.0008433920745731793,24
sst2,8,1,seeded_base_minus_evaluated_unique_permutation_mean,seeded_base,accuracy,0.94,0.9307894736842106,0.009210526315789336,38
sst2,8,1,seeded_base_minus_evaluated_unique_permutation_mean,seeded_base,macro_f1,0.94,0.9307077432165344,0.009292256783465569,38
sst2,8,1,label_grouped_minus_evaluated_unique_permutation_mean,label_grouped,accuracy,0.91,0.9307894736842106,-0.02078947368421058,38
sst2,8,1,label_grouped_minus_evaluated_unique_permutation_mean,label_grouped,macro_f1,0.9096748293857888,0.9307077432165344,-0.02103291383074557,38
sst2,8,1,alternating_minus_evaluated_unique_permutation_mean,alternating,accuracy,0.93,0.9307894736842106,-0.0007894736842105621,38
sst2,8,1,alternating_minus_evaluated_unique_permutation_mean,alternating,macro_f1,0.9299369432489241,0.9307077432165344,-0.0007707999676103139,38
sst2,8,2,seeded_base_minus_evaluated_unique_permutation_mean,seeded_base,accuracy,0.925,0.9380263157894737,-0.013026315789473664,38
sst2,8,2,seeded_base_minus_evaluated_unique_permutation_mean,seeded_base,macro_f1,0.924953095684803,0.937998171014613,-0.01304507532981003,38
sst2,8,2,label_grouped_minus_evaluated_unique_permutation_mean,label_grouped,accuracy,0.95,0.9380263157894737,0.011973684210526248,38
sst2,8,2,label_grouped_minus_evaluated_unique_permutation_mean,label_grouped,macro_f1,0.9500000000000001,0.937998171014613,0.012001828985387042,38
sst2,8,2,alternating_minus_evaluated_unique_permutation_mean,alternating,accuracy,0.945,0.9380263157894737,0.006973684210526243,38
sst2,8,2,alternating_minus_evaluated_unique_permutation_mean,alternating,macro_f1,0.9449876222149983,0.937998171014613,0.006989451200385299,38
sst2,8,3,seeded_base_minus_evaluated_unique_permutation_mean,seeded_base,accuracy,0.95,0.9446052631578947,0.00539473684210523,38
sst2,8,3,seeded_base_minus_evaluated_unique_permutation_mean,seeded_base,macro_f1,0.9499799919967986,0.9445933469108139,0.0053866450859847426,38
sst2,8,3,label_grouped_minus_evaluated_unique_permutation_mean,label_grouped,accuracy,0.94,0.9446052631578947,-0.004605263157894779,38
sst2,8,3,label_grouped_minus_evaluated_unique_permutation_mean,label_grouped,macro_f1,0.94,0.9445933469108139,-0.0045933469108139224,38
sst2,8,3,alternating_minus_evaluated_unique_permutation_mean,alternating,accuracy,0.925,0.9446052631578947,-0.01960526315789468,38
sst2,8,3,alternating_minus_evaluated_unique_permutation_mean,alternating,macro_f1,0.924953095684803,0.9445933469108139,-0.019640251226010874,38
sst2,8,4,seeded_base_minus_evaluated_unique_permutation_mean,seeded_base,accuracy,0.945,0.9442105263157894,0.0007894736842105621,38
sst2,8,4,seeded_base_minus_evaluated_unique_permutation_mean,seeded_base,macro_f1,0.9449986249656241,0.9442028525434947,0.0007957724221294704,38
sst2,8,4,label_grouped_minus_evaluated_unique_permutation_mean,label_grouped,accuracy,0.93,0.9442105263157894,-0.01421052631578934,38
sst2,8,4,label_grouped_minus_evaluated_unique_permutation_mean,label_grouped,macro_f1,0.93,0.9442028525434947,-0.014202852543494626,38
sst2,8,4,alternating_minus_evaluated_unique_permutation_mean,alternating,accuracy,0.95,0.9442105263157894,0.0057894736842105665,38
sst2,8,4,alternating_minus_evaluated_unique_permutation_mean,alternating,macro_f1,0.9499949994999499,0.9442028525434947,0.005792146956455246,38
sst2,8,5,seeded_base_minus_evaluated_unique_permutation_mean,seeded_base,accuracy,0.945,0.9568421052631578,-0.011842105263157876,38
sst2,8,5,seeded_base_minus_evaluated_unique_permutation_mean,seeded_base,macro_f1,0.9448331201885704,0.9567777642707455,-0.011944644082175104,38
sst2,8,5,label_grouped_minus_evaluated_unique_permutation_mean,label_grouped,accuracy,0.97,0.9568421052631578,0.013157894736842146,38
sst2,8,5,label_grouped_minus_evaluated_unique_permutation_mean,label_grouped,macro_f1,0.96999699969997,0.9567777642707455,0.01321923542922454,38
sst2,8,5,alternating_minus_evaluated_unique_permutation_mean,alternating,accuracy,0.96,0.9568421052631578,0.0031578947368421373,38
sst2,8,5,alternating_minus_evaluated_unique_permutation_mean,alternating,macro_f1,0.9599639675708138,0.9567777642707455,0.0031862033000683576,38
