dataset,total_shots,seed_count,mean_accuracy_spread,median_accuracy_spread,max_accuracy_spread,mean_macro_f1_spread,median_macro_f1_spread,max_macro_f1_spread
mrpc,2,5,0.02300000000000002,0.020000000000000018,0.04500000000000004,0.025256108698019177,0.02016332291561651,0.054168970613222456
mrpc,4,5,0.042000000000000016,0.04500000000000004,0.05500000000000005,0.04467016136232431,0.05233573075778675,0.05708452539254005
mrpc,8,5,0.029000000000000026,0.025000000000000022,0.040000000000000036,0.03308784706044987,0.033887705239503574,0.04298635448692978
rte,2,5,0.006000000000000005,0.0050000000000000044,0.010000000000000009,0.005875119310050114,0.004983619564226993,0.009847984070976312
rte,4,5,0.019000000000000017,0.015000000000000013,0.030000000000000027,0.01931129589047873,0.016429069344193636,0.0299569332287013
rte,8,5,0.025000000000000022,0.025000000000000022,0.03500000000000003,0.025699527037721003,0.026051807648329706,0.036176872211558964
sst2,2,5,0.007999999999999985,0.009999999999999898,0.015000000000000013,0.008041389177144231,0.010011252756875977,0.015030387764495945
sst2,4,5,0.029999999999999936,0.029999999999999916,0.05499999999999994,0.030133436296653195,0.030123204628155098,0.0551887649497933
sst2,8,5,0.025999999999999933,0.025000000000000022,0.029999999999999916,0.0261243633195092,0.025163879511399645,0.03032517061421114
